start_survey,end_survey,response_type,progress,duration_sec,is_finished,record_date,response_id,distribution_channel,user_lang,captcha_score,agree_term,academia_status,dept_prof,dept_students,first_line_code,years_coding,self_id_as_coder,read_prog_book,freq_oss_proj,what_os,time_cleaning_code,time_data_clean_prog,time_data_clean_gui,time_exp_manip,time_field_data_coll,time_grant_writing,time_lit_review,time_meeting,time_read_doc,time_digital_data_coll,time_paper_writing,self_expect_time_coding,value_comp_skills_wrt_domain,more_time_learning_to_code,pct_social_contacts_coding,comp_skills_factors_pursue_academia,comp_skills_pro_benefits_s,comp_skills_pro_benefits_p,comp_skills_recruiting,comp_skills_recruiting_undergrad,comp_skills_recruiting_grad,comp_skills_recruiting_postdoc,cite_code,cite_data,value_oss_license,value_coc,value_contrib_guide,value_cla,value_active,value_responsive_maintainers,value_welcoming_community,value_widespread_use,disadv_not_coding,coding_on_future_opportunities,value_share_code,value_accessibility_paper_code,value_paper_code_citability,value_learn_code_in_field,year_born,country_origin,us_state,do_del,comments,score,email,name_research_group,reason_coding,how_did_you_learn_code,position_industry,freq_coding_proj,use_lang,enough_instit_support,friends_help,perceived_benefits_coding,do_share_code_online,qualities_oss,why_not_coding,pref_pronouns,underrep_group,ethnicity,nb_advisors,third_adv_dept,third_adv_expect_time_coding,second_adv_dept,first_adv_dept,first_adv_expect_time_coding,second_adv_expect_time_coding,is_coder
2022-09-14 14:03:33,2022-09-14 14:20:07,IP Address,100,993,True,2022-09-14 14:20:08,R_1IzbZEKKlq8p3LG,anonymous,EN,0.8999999761581421,"Yes, I agree to the above terms.",Postdoctoral researcher,,,18 - 24 years,10 to 14 years,Maybe,Sometimes,Some of the software,,,,,,,,,,,,,,As valued as my research ability,,,,Extremely likely,,,,,,Cite directly git repository as a link,"Cite directly git repository as a link,Cite using bibtex, APA, MLA etc.,I cite their academic paper",Somewhat important to have,Very important to have,Not important,Not important,Somewhat important to have,Very important to have,Very important to have,Very important to have,,,Very important to have,Very important to have,Very important to have,,1991,United States of America,New Hampshire,,,4,Fill in the blank:,Fill in the blank:,Research,Books / printed  media,"Postdoctoral Research Associate, Product Engineer",On every project,"HTML/CSS,Javascript,Julia,Python","No and that's fine, I'm learning on my own",,"Data Visualization,Database management,Interactive learning,Data simulation,Numerical analysis,Science communication,Social good,Web scraping,Professional opportunities,Other",Github,"Stability,User experience (ease of use),Compatibility,Transparency,Replicability,Community",,they/them,No,White or of European descent,,,,,,,,coder
2022-09-21 08:22:32,2022-09-21 08:25:33,IP Address,100,181,True,2022-09-21 08:25:35,R_2bQALTilEsOuSYa,email,EN,1,"Yes, I agree to the above terms.",Graduate student,,,,,,,,,,,,,,,,,,,,,,,,,,,,,,,,,,,,,,,,,"Not really, I do qualitative work",Neither likely nor unlikely,I don't know,I don't know,I don't know,Slightly important,1998,United States of America,Rhode Island,,,8,Fill in the blank:,I do not have any research group,I  do not know how to code,,,,,,,,,,"I do not want to learn to code.,I do not think this is for me",she/her,No,White or of European descent,I do not have an advisor yet,,,,,,,non coder
2022-09-21 08:42:36,2022-09-21 09:06:15,IP Address,100,1418,True,2022-09-21 09:06:17,R_2XbKRGKSSzN75H3,email,EN,0.8999999761581421,"Yes, I agree to the above terms.",Graduate student,,Community Development and Applied Economics M.S.,11 - 17 years,5 to 9 years,Maybe,Never,Some of the software,MacOS,1-5 hours,1-5 hours,1-5 hours,1-5 hours,1-5 hours,0 hour,1-5 hours,6-10 hours,1-5 hours,1-5 hours,1-5 hours,Slightly too little,Less valued than my research capacity,"Yes but that's fine, I'm learning while doing",70,Moderately important,Extremely likely,,,,,,I don't cite people's code,I have not cited people's data,Somewhat important to have,Very important to have,Somewhat important to have,Somewhat important to have,Somewhat important to have,Very important to have,Very important to have,Somewhat important to have,,,Somewhat important to have,Somewhat important to have,Very important to have,Extremely important,1999,United States of America,New Jersey,,,8,Fill in the blank:,Fill in the blank:,"School,Research,Work","School,Books / printed  media",Educator,Few projects,"C++,Java,Javascript,R,Stata",Yes,"Friends,Colleagues,Supervisor","Data Visualization,Database management,Interactive learning,Data simulation,Numerical analysis,Science communication,Social good,Web scraping,Professional opportunities",I do not share my code online,"Stability,Security,User experience (ease of use),Compatibility,Transparency,Customizability,Cost,Replicability,Trusted producer,Innovation,Support,Community",,she/her,No,White or of European descent,1,,,,Community Development and Applied Economics (CDAE),Neither too much nor too little,,coder
2022-09-21 09:16:00,2022-09-21 09:29:26,IP Address,100,806,True,2022-09-21 09:29:27,R_cuOoP9Pg7N0Z4UF,email,EN,0.8999999761581421,"Yes, I agree to the above terms.",Graduate student,,,11 - 17 years,2 to 4 years,Maybe,Never,Some of the software,Windows,6-10 hours,1-5 hours,1-5 hours,0 hour,0 hour,0 hour,11-15 hours,1-5 hours,1-5 hours,0 hour,0 hour,Slightly too much,As valued as my research ability,"Yes but that's fine, I'm learning while doing",90,Not at all important,Extremely likely,,,,,,"Cite directly git repository as a link,Cite using BibTeX, APA, MLA etc.,I cite their academic paper","Cite directly git repository as a link,Cite using bibtex, APA, MLA etc.,I cite their academic paper",Very important to have,Very important to have,Somewhat important to have,I do not know what it is,Very important to have,Very important to have,Somewhat important to have,Not important,,,Very important to have,Very important to have,Very important to have,Extremely important,1999,United States of America,Vermont,,,12,Fill in the blank:,Fill in the blank:,"School,Research,Work,Fun",Books / printed  media,Data scientist or machine learning specialist,On every project,"Matlab,Python,R,SQL",Yes,"Friends,Colleagues,Supervisor","Data Visualization,Database management,Data simulation,Numerical analysis,Science communication,Social good,Web scraping,Professional opportunities",I do not share my code online,"Stability,Compatibility,Transparency,Customizability,Cost,Replicability,Support,Community",,he/him,No,White or of European descent,1,,,,Civil & Environmental Engineering,Neither too much nor too little,,coder
2022-09-21 09:38:59,2022-09-21 09:44:08,IP Address,100,309,True,2022-09-21 09:44:09,R_1LIR3OGemrYF1mT,email,EN,1,"Yes, I agree to the above terms.",Undergraduate student,,Community Development and Applied Economics M.S.,11 - 17 years,2 to 4 years,Maybe,Never,Some of the software,MacOS,,,,,,,,,,,,,,,,,,,,,,,,,,,,,,,,,,,,,,,2002,,,,this was incredibly long and I did not feel motivated to finish it,8,Fill in the blank:,Fill in the blank:,"School,Research,Work","Other online resources (videos, blogs, etc),School","I never worked in industry as developer,Other",Most projects,"C++,Java,Python,R,SQL",,,,,,,she/they,Prefer not to say,Prefer not to say,2,,,,Geography,,,coder
2022-09-21 10:05:04,2022-09-21 10:07:11,IP Address,100,126,True,2022-09-21 10:07:12,R_W7jQgY3sTlV8PpT,email,EN,0.8999999761581421,"Yes, I agree to the above terms.",Graduate student,,Public Administration M.P.A.,,,,,,,,,,,,,,,,,,,,,,,,,,,,,,,,,,,,,,,"Yes, a little bit",Somewhat unlikely,Somewhat important to have,I don't know,Very important to have,Moderately important,2000,United States of America,Connecticut,,,8,Fill in the blank:,I do not have any research group,I  do not know how to code,,,,,,,,,,"Lack of time,Too much work,I do not think this is for me",she/her,No,"Southeast Asian,White or of European descent",1,,,,,,,non coder
2022-09-21 10:35:07,2022-09-21 10:50:21,IP Address,100,913,True,2022-09-21 10:50:22,R_1Iud8jqUOwnZfGP,email,EN,1,"Yes, I agree to the above terms.",Graduate student,,Community Development and Applied Economics M.S.,25 - 34 years,2 to 4 years,No,Never,Always,Windows,1-5 hours,1-5 hours,0 hour,0 hour,0 hour,0 hour,1-5 hours,1-5 hours,0 hour,0 hour,1-5 hours,Far too much,Less valued than my research capacity,"Yes, I wish I had more time to learn programming",30,Very important,Extremely likely,,,,,,,,I do not know what it is,Very important to have,I do not know what it is,I do not know what it is,Somewhat important to have,Somewhat important to have,Somewhat important to have,Not important,,,Very important to have,Very important to have,Very important to have,Extremely important,1989,United States of America,Massachusetts,,"Hello Jonathan! There were a couple of questions about citing someone else's code that didn't provide a option for not having used someone else's code. Rather, there were two options for not having cited someone else's code. Also, there was a likert or ranking scale that I don't remember the topic of anymore, but it was worded such that I almost put in the opposite responses that I intended. I think some of the options were ""Very important to not have"" or some such and they could be clarified. Hope all goes well out there",10,Fill in the blank:,,"School,Research,Work",Online courses or certification,I never worked in industry as developer,Few projects,"Python,R",No and I wish there were,"Colleagues,Supervisor","Data Visualization,Database management,Numerical analysis,Science communication,Social good,Web scraping,Professional opportunities",Gitlab,"Stability,Security,User experience (ease of use),Transparency,Cost,Replicability,Support,Community",,he/him,Yes,"Multiracial,Southeast Asian,White or of European descent",1,,,,Economics,Far too much,,coder
2022-09-21 10:51:00,2022-09-21 11:03:34,IP Address,100,754,True,2022-09-21 11:03:35,R_2vZGqi8CGBnWJi2,anonymous,EN,1,"Yes, I agree to the above terms.",Graduate student,,"Complex Systems and Data Science Certificate of Graduate Study, M.S., Ph.D.",5 - 10 years,5 to 9 years,Yes,Never,Most of the software,Linux-based,1-5 hours,1-5 hours,0 hour,6-10 hours,0 hour,0 hour,1-5 hours,1-5 hours,0 hour,0 hour,0 hour,Slightly too much,As valued as my research ability,"Yes, I wish I had more time to learn programming",60,Moderately important,Extremely likely,,,,,,I have not cited people's code,Cite directly git repository as a link,Somewhat important to have,Very important not to have,I do not know what it is,I do not know what it is,Somewhat important to have,Somewhat important to have,Very important to have,Very important to have,,,Very important to have,Somewhat important to have,Somewhat important to have,Extremely important,1998,United States of America,Colorado,,,12,Fill in the blank:,Fill in the blank:,"School,Research,Work,Fun",Friend or family member,Data scientist or machine learning specialist,On every project,"C++,HTML/CSS,Javascript,Julia,Python",No and I wish there were,"Friends,Colleagues","Data Visualization,Database management,Data simulation,Numerical analysis,Science communication,Social good,Web scraping,Professional opportunities","Github,Gitlab","Stability,User experience (ease of use),Cost,Support,Community",,he/him,No,White or of European descent,2,,,Mathematics and Statistics,Mathematics and Statistics,Neither too much nor too little,Neither too much nor too little,coder
2022-09-21 12:03:29,2022-09-21 12:12:58,IP Address,100,569,True,2022-09-21 12:12:59,R_2c18v7Fr6LNP4tm,email,EN,1,"Yes, I agree to the above terms.",Graduate student,,,18 - 24 years,Less than 1 year,No,Never,Most of the software,MacOS,0 hour,0 hour,0 hour,0 hour,0 hour,0 hour,1-5 hours,1-5 hours,0 hour,0 hour,1-5 hours,Neither too much or too little,Not valued at all compared to my research ability,"Yes, I wish I had more time to learn programming",30,Slightly important,Extremely likely,,,,,,I have not cited people's code,I have not cited people's data,Very important to have,Very important to have,Very important to have,Very important to have,Very important to have,Very important to have,Very important to have,Not important,,,Somewhat important to have,Very important to have,Very important to have,Slightly important,1998,United States of America,Vermont,,,4,Fill in the blank:,I do not have any research group,Research,Lab advisor,I never worked in industry as developer,Few projects,unsure,No and I wish there were,Supervisor,"Data Visualization,Interactive learning,Data simulation,Numerical analysis,Science communication,Professional opportunities",I do not share my code online,"User experience (ease of use),Customizability,Replicability,Trusted producer",,she/they,No,White or of European descent,1,,,,Anthropology,,,coder
2022-09-21 12:16:35,2022-09-21 12:22:32,IP Address,100,356,True,2022-09-21 12:22:33,R_3JE4WvnflAVHreW,email,EN,1,"Yes, I agree to the above terms.",Graduate student,,"Food Systems M.S., Ph.D.",,,,,,,,,,,,,,,,,,,,,,,,,,,,,,,,,,,,,,,"Yes, a little bit",Somewhat likely,I don't know,I don't know,I don't know,Not at all in important,1997,United States of America,Iowa,,,8,Fill in the blank:,I do not have any research group,I  do not know how to code,,,,,,,,,,"Too much work,I do not know where to start",she/her,No,White or of European descent,I do not have an advisor yet,,,,,,,non coder
2022-09-21 17:58:02,2022-09-21 18:07:18,IP Address,100,555,True,2022-09-21 18:07:19,R_3KvwIAZSF4HQ04k,email,EN,0.8999999761581421,"Yes, I agree to the above terms.",Graduate student,,"Food Systems M.S., Ph.D.",18 - 24 years,1 to 2 years,No,Never,None of the software,MacOS,0 hour,0 hour,0 hour,0 hour,1-5 hours,0 hour,1-5 hours,1-5 hours,0 hour,0 hour,1-5 hours,Neither too much or too little,Not valued at all compared to my research ability,"Yes but that's fine, I'm learning while doing",20,Not at all important,Somewhat unlikely,,,,,,I have not cited people's code,I have not cited people's data,Not important,Not important,Not important,Not important,Not important,Not important,Not important,Somewhat important to have,,,Somewhat important to have,Somewhat important to have,Somewhat important to have,Not at all in important,1999,United States of America,New York,,,5,Fill in the blank:,I do not have any research group,"School,Research",School,I never worked in industry as developer,Few projects,SPSS,I do not know,"Friends,Colleagues,Supervisor","Data Visualization,Database management,Interactive learning,Data simulation,Numerical analysis,Science communication",I do not share my code online,"User experience (ease of use),Compatibility,Customizability",,she/her,No,White or of European descent,1,,,,Community Development and Applied Economics (CDAE),Neither too much nor too little,,coder
2022-09-21 20:11:27,2022-09-21 20:18:02,IP Address,100,394,True,2022-09-21 20:18:02,R_3nCTnOHNbzadYWQ,email,EN,1,"Yes, I agree to the above terms.",Graduate student,,"Food Systems M.S., Ph.D.",,,,,,,,,,,,,,,,,,,,,,,,,,,,,,,,,,,,,,,No,Neither likely nor unlikely,I don't know,I don't know,I don't know,Slightly important,1989,Iran,,,,15,Fill in the blank:,Fill in the blank:,I  do not know how to code,,,,,,,,,,I do not think this is for me,she/her,No,Middle Eastern,2,,,,,,,non coder
2022-09-22 08:48:52,2022-09-22 08:57:37,IP Address,100,524,True,2022-09-22 08:57:38,R_3iDNQxAz0qjFYF0,anonymous,EN,1,"Yes, I agree to the above terms.",Graduate student,,,11 - 17 years,2 to 4 years,Maybe,Never,Always,MacOS,1-5 hours,6-10 hours,1-5 hours,6-10 hours,0 hour,0 hour,0 hour,1-5 hours,1-5 hours,1-5 hours,0 hour,Slightly too much,More valued than my research ability,"Yes but that's fine, I'm learning while doing",70,Extremely important,Extremely likely,,,,,,I have not cited people's code,I don't cite people's data,Very important to have,Very important to have,Very important to have,Somewhat important to have,Very important to have,Very important to have,Very important to have,Somewhat important to have,,,Very important to have,Very important to have,Very important to have,Extremely important,1999,India,,,,12,Fill in the blank:,I do not have any research group,"School,Research,Work,Fun","Other online resources (videos, blogs, etc)","Database administrator,Designer,Engineer, data,Developer, front-end,Data scientist or machine learning specialist",Most projects,"HTML/CSS,Javascript,Matlab,Python,R,SQL",Yes,"Friends,Colleagues,Supervisor","Data Visualization,Database management,Interactive learning,Data simulation,Numerical analysis,Science communication,Social good,Web scraping,Professional opportunities",I do not share my code online,"Stability,User experience (ease of use),Innovation",,he/him,Yes,South Asian,1,,,,,Neither too much nor too little,,coder
2022-09-21 08:42:08,2022-09-22 13:18:09,IP Address,100,102960,True,2022-09-22 13:18:10,R_25BnLdvlmzjAByH,email,EN,1,"Yes, I agree to the above terms.",Graduate student,,Community Development and Applied Economics M.S.,18 - 24 years,2 to 4 years,Maybe,Never,Almost none of the software,MacOS,1-5 hours,0 hour,0 hour,1-5 hours,0 hour,0 hour,1-5 hours,1-5 hours,0 hour,0 hour,6-10 hours,Neither too much or too little,As valued as my research ability,"Yes, I wish I had more time to learn programming",10,Extremely important,Extremely likely,,,,,,I have not cited people's code,I have not cited people's data,Not important,Not important,Not important,Not important,Not important,Not important,Not important,Very important to have,,,Somewhat important to have,Somewhat important to have,Somewhat important to have,Extremely important,1999,United States of America,New York,,,5,Fill in the blank:,I do not have any research group,"School,Research",School,I never worked in industry as developer,Few projects,"R,Stata",Yes,"Friends,Supervisor","Data Visualization,Database management,Interactive learning,Data simulation,Numerical analysis,Science communication,Social good,Web scraping,Professional opportunities",I do not share my code online,"Stability,Security,User experience (ease of use),Compatibility,Transparency,Customizability,Cost,Replicability,Trusted producer,Innovation,Support",,she/her,No,White or of European descent,1,,,,Community Development and Applied Economics (CDAE),Neither too much nor too little,,coder
2022-09-21 11:55:18,2022-09-22 17:48:22,IP Address,100,107583,True,2022-09-22 17:48:22,R_1pldwkTdQf0RCMV,email,EN,1,"Yes, I agree to the above terms.",Graduate student,,"Food Systems M.S., Ph.D.",,,,,,,,,,,,,,,,,,,,,,,,,,,,,,,,,,,,,,,"Yes, a little bit",Somewhat likely,Somewhat important to have,Very important to have,Very important to have,Slightly important,2000,United States of America,Texas,,"I was slightly confused by the ""how important do you think the following items are in academia"" question, but it became more clear after rereading it a couple times. Maybe try to reword the question and/or the options?",8,Fill in the blank:,Fill in the blank:,I  do not know how to code,,,,,,,,,,"I do not know where to start,Other",she/her,No,White or of European descent,1,,,,,,,non coder
2022-09-23 07:36:19,2022-09-23 07:56:51,IP Address,100,1232,True,2022-09-23 07:56:52,R_2uPRPyOeMANpcpo,email,EN,1,"Yes, I agree to the above terms.",Graduate student,,Community Development and Applied Economics M.S.,,,,,,,,,,,,,,,,,,,,,,,,,,,,,,,,,,,,,,,I don't know,Somewhat likely,Somewhat important to have,I don't know,I don't know,Very important,1996,Sri Lanka,,,"The statements to the question, 'How important do you think the following about coding are.....' were a little bit confusing for me. Maybe it was how it was phrased. When I read the question and the statement together I felt a bit confused. Other than that, great survey! :)",8,Fill in the blank:,I do not have any research group,I  do not know how to code,,,,,,,,,,"I do not know where to start,Other",she/her,No,South Asian,1,,,,,,,non coder
2022-09-23 11:33:16,2022-09-23 11:45:30,IP Address,100,733,True,2022-09-23 11:45:30,R_1Ime9cZdUYEBSh2,anonymous,EN,0.8999999761581421,"Yes, I agree to the above terms.",Graduate student,,"Computer Science M.S., Ph.D.",18 - 24 years,5 to 9 years,Yes,Never,Some of the software,MacOS,6-10 hours,0 hour,1-5 hours,0 hour,0 hour,0 hour,6-10 hours,6-10 hours,0 hour,0 hour,1-5 hours,Neither too much or too little,As valued as my research ability,"Yes, I wish I had more time to learn programming",70,Very important,Extremely likely,,,,,,I cite their academic paper,I cite their academic paper,Not important,Somewhat important to have,Somewhat important to have,Not important,Very important to have,Very important to have,Somewhat important to have,Very important to have,,,Somewhat important to have,Somewhat important to have,Not important,Extremely important,1994,United States of America,Maryland,,"The questions which included ""somewhat important not to have"" options were confusing",10,Fill in the blank:,Fill in the blank:,"School,Research,Social good",School,I never worked in industry as developer,On every project,"Go,Python,R,SQL,Other",No and I wish there were,"Friends,Colleagues,Supervisor","Data Visualization,Database management,Interactive learning,Data simulation,Numerical analysis,Science communication,Social good,Web scraping,Professional opportunities",Github,"User experience (ease of use),Compatibility,Customizability,Cost,Trusted producer,Innovation,Support,Community",,he/him,No,White or of European descent,1,,,,Computer Science,Neither too much nor too little,,coder
2022-09-23 13:19:33,2022-09-23 13:22:48,IP Address,100,195,True,2022-09-23 13:22:49,R_2qr9ldslRsVF3MR,email,EN,0.8999999761581421,"Yes, I agree to the above terms.",Graduate student,,,,,,,,,,,,,,,,,,,,,,,,,,,,,,,,,,,,,,,,,"Yes, a little bit",Somewhat likely,I don't know,I don't know,I don't know,Very important,1997,Brazil,,,,9,Fill in the blank:,I do not have any research group,I  do not know how to code,,,,,,,,,,"Lack of time,I do not know where to start",she/her,Yes,Black or of African descent,1,,,,,,,non coder
2022-09-25 17:34:04,2022-09-25 17:37:11,IP Address,100,187,True,2022-09-25 17:37:12,R_DMgpBBE4DSv8puF,email,EN,1,"Yes, I agree to the above terms.",Graduate student,,"Food Systems M.S., Ph.D.",,,,,,,,,,,,,,,,,,,,,,,,,,,,,,,,,,,,,,,"Yes, a little bit",Somewhat likely,I don't know,I don't know,I don't know,Slightly important,1998,United States of America,California,,,8,Fill in the blank:,I do not have any research group,I  do not know how to code,,,,,,,,,,I do not know where to start,she/her,No,White or of European descent,I do not have an advisor yet,,,,,,,non coder
2022-09-14 13:57:32,2022-09-20 10:27:27,IP Address,39,505795,False,2022-09-27 10:27:29,R_WCJBP94BGyoMzhn,anonymous,EN,1,"Yes, I agree to the above terms.",Graduate student,,"Complex Systems and Data Science Certificate of Graduate Study, M.S., Ph.D.",25 - 34 years,2 to 4 years,Maybe,Sometimes,Always,,0,0,0,0,0,0,0,0,,0,0,,Less valued than my research capacity,,,,,,,,,,,,,,,,,,,,,,,,,,,,,,,8,Fill in the blank:,Fill in the blank:,"School,Research,Work","Other online resources (videos, blogs, etc)",I never worked in industry as developer,Most projects,"Julia,Python,R","No and that's fine, I'm learning on my own",,,,,,,,,2,,,,,,,coder
2022-09-28 12:49:04,2022-09-28 13:05:46,IP Address,100,1002,True,2022-09-28 13:05:47,R_e5qyh089rXCNUg9,anonymous,EN,1,"Yes, I agree to the above terms.",Graduate student,,"Complex Systems and Data Science Certificate of Graduate Study, M.S., Ph.D.",18 - 24 years,5 to 9 years,Yes,Never,Most of the software,MacOS,1-5 hours,6-10 hours,0 hour,1-5 hours,0 hour,0 hour,6-10 hours,6-10 hours,6-10 hours,6-10 hours,1-5 hours,Slightly too much,More valued than my research ability,"Yes but that's fine, I'm learning while doing",50,Extremely important,Extremely likely,,,,,,"Cite directly git repository as a link,Cite using BibTeX, APA, MLA etc.,I cite their academic paper","Cite using bibtex, APA, MLA etc.,I cite their academic paper",Very important to have,Somewhat important to have,Very important to have,Very important to have,Somewhat important to have,Very important to have,Somewhat important to have,Not important,,,Very important to have,Somewhat important to have,Very important to have,Extremely important,1999,United States of America,Connecticut,,Great survey!,12,Fill in the blank:,Fill in the blank:,"School,Research,Work,Fun","Other online resources (videos, blogs, etc),School","Educator,Engineer, data,Data scientist or machine learning specialist",On every project,"HTML/CSS,Javascript,Julia,Matlab,Python,R,SQL",Yes,"Friends,Colleagues,Co-supervisor,Supervisor","Data Visualization,Database management,Data simulation,Numerical analysis,Social good,Web scraping,Professional opportunities","Github,Gitlab","Stability,User experience (ease of use),Compatibility,Transparency,Customizability,Replicability,Support,Community",,he/him,No,White or of European descent,3,Complex Systems and Data Science,Slightly too much,,Complex Systems and Data Science,Slightly too much,Slightly too much,coder
2022-09-21 10:47:31,2022-09-23 16:14:14,IP Address,30,192402,False,2022-09-30 16:14:16,R_aaRYoYB709fTezT,anonymous,EN,1,"Yes, I agree to the above terms.",Graduate student,,"Complex Systems and Data Science Certificate of Graduate Study, M.S., Ph.D.",11 - 17 years,5 to 9 years,Yes,Never,Always,MacOS,,,,,,,,,,,,,,,,,,,,,,,,,,,,,,,,,,,,,,,,,,,,17,Fill in the blank:,Fill in the blank:,"School,Research,Work,Fun,Social good",School,"Developer, back-end",On every project,"Julia,Python",,,,,,,,,,2,,,,,,,coder
2022-09-26 15:05:26,2022-09-26 15:11:51,IP Address,30,384,False,2022-10-03 15:11:53,R_2q97KoU52AZ4j4m,email,EN,1,"Yes, I agree to the above terms.",Undergraduate student,,European Studies B.A.,18 - 24 years,Less than 1 year,No,Never,Almost none of the software,MacOS,,,,,,,,,,,,,,,,,,,,,,,,,,,,,,,,,,,,,,,,,,,,5,Fill in the blank:,I do not have any research group,"School,Research",Michelle Saunders coding powerpoints/ activities,I never worked in industry as developer,Few projects,"Stata,Other",,,,,,,,,,1,,,,,,,coder
2022-10-04 12:31:24,2022-10-04 12:54:16,IP Address,100,1372,True,2022-10-04 12:54:17,R_1OE9b35w91eT7xw,anonymous,EN,0.8999999761581421,"Yes, I agree to the above terms.",Graduate student,,"Complex Systems and Data Science Certificate of Graduate Study, M.S., Ph.D.",5 - 10 years,10 to 14 years,Yes,Sometimes,Most of the software,Linux-based,1-5 hours,1-5 hours,0 hour,0 hour,0 hour,1-5 hours,1-5 hours,1-5 hours,6-10 hours,1-5 hours,6-10 hours,Neither too much or too little,Less valued than my research capacity,"Yes but that's fine, I'm learning while doing",60,Moderately important,Extremely likely,,,,,,"Cite directly git repository as a link,I cite their academic paper",I cite their academic paper,Somewhat important to have,Somewhat important to have,Somewhat important to have,Very important not to have,Not important,Not important,Very important to have,Somewhat important to have,,,Very important to have,Very important to have,Somewhat important to have,Extremely important,1995,United States of America,California,,,17,Fill in the blank:,Fill in the blank:,"School,Research,Work,Fun,Social good","Books / printed  media,Online courses or certification,Online forums,Friend or family member","Database administrator,System administrator,Educator,Developer, back-end,Developer, full-stack,Data scientist or machine learning specialist",Most projects,"C,C++,Elixir,HTML/CSS,Perl,Python,Ruby,SQL","No and that's fine, I'm learning on my own","Friends,Colleagues","Data Visualization,Database management,Interactive learning,Data simulation,Numerical analysis,Science communication,Social good,Web scraping,Professional opportunities","Github,Gitlab,Personal websites","Stability,Security,Customizability,Cost",,he/him,No,White or of European descent,2,,,Mathematics and Statistics,Computer Science,Neither too much nor too little,Slightly too much,coder
2022-10-06 08:06:50,2022-10-06 08:11:38,IP Address,100,287,True,2022-10-06 08:11:38,R_2aJ2gj4M1d3RQ8d,anonymous,EN,1,"Yes, I agree to the above terms.",Graduate student,,"Complex Systems and Data Science Certificate of Graduate Study, M.S., Ph.D.",11 - 17 years,5 to 9 years,Maybe,Sometimes,Most of the software,MacOS,1-5 hours,11-15 hours,1-5 hours,1-5 hours,0 hour,1-5 hours,1-5 hours,1-5 hours,1-5 hours,0 hour,0 hour,Neither too much or too little,Prefer not to say,Not really,,,Extremely likely,,,,,,I cite their academic paper,I cite their academic paper,Somewhat important to have,Somewhat important to have,Somewhat important to have,Somewhat important to have,Somewhat important to have,Somewhat important to have,Somewhat important to have,Somewhat important to have,,,Very important to have,Very important to have,Very important to have,Extremely important,1998,United States of America,Vermont,,,8,Fill in the blank:,Fill in the blank:,"School,Research,Work",GIV summer camp,I never worked in industry as developer,On every project,"HTML/CSS,Matlab,Python,R,SQL",Yes,,"Data Visualization,Database management,Interactive learning,Data simulation,Numerical analysis,Science communication",I do not share my code online,"Stability,User experience (ease of use),Compatibility,Cost",,she/her,No,White or of European descent,I do not have an advisor yet,,,,,,,coder
2022-10-06 08:07:34,2022-10-06 08:15:16,IP Address,100,462,True,2022-10-06 08:15:16,R_3HU103gKfO8cgI2,anonymous,EN,0.800000011920929,"Yes, I agree to the above terms.",Graduate student,,,18 - 24 years,5 to 9 years,Yes,Never,Always,MacOS,0 hour,0 hour,0 hour,0 hour,0 hour,0 hour,0 hour,0 hour,0 hour,0 hour,0 hour,Neither too much or too little,As valued as my research ability,"Yes, I wish I had more time to learn programming",100,Very important,Extremely likely,,,,,,Prefer not to say,Prefer not to say.,Very important to have,Very important to have,Very important to have,Very important to have,Very important to have,Very important to have,Not important,Very important to have,,,Very important to have,Very important to have,Very important to have,Extremely important,1999,United States of America,Maine,,,7,Fill in the blank:,I do not have any research group,"School,Fun","Other online resources (videos, blogs, etc),School,Online courses or certification,Online forums,Friend or family member","Developer, desktop or enterprise applications,Educator,Developer, back-end,Data scientist or machine learning specialist",On every project,"C++,Java,Matlab,Python,R,SQL",Yes,Friends,"Data Visualization,Database management,Interactive learning,Data simulation,Numerical analysis,Science communication,Social good,Web scraping,Professional opportunities",Github,"Stability,User experience (ease of use),Compatibility,Customizability,Cost,Replicability,Trusted producer,Innovation",,he/him,No,White or of European descent,1,,,,,Neither too much nor too little,,coder
2022-10-06 08:23:51,2022-10-06 08:33:26,IP Address,100,574,True,2022-10-06 08:33:26,R_3kzAH7EbuNgSSfh,anonymous,EN,0.8999999761581421,"Yes, I agree to the above terms.",Undergraduate student,,Data Science B.S,18 - 24 years,2 to 4 years,Yes,Never,Most of the software,MacOS,1-5 hours,1-5 hours,1-5 hours,0 hour,0 hour,0 hour,0 hour,6-10 hours,1-5 hours,0 hour,0 hour,Slightly too much,As valued as my research ability,"Yes but that's fine, I'm learning while doing",10,Moderately important,Extremely likely,,,,,,Cite directly git repository as a link,Cite directly git repository as a link,Somewhat important to have,Somewhat important to have,Somewhat important to have,Somewhat important to have,Very important to have,Very important to have,Very important to have,Very important to have,,,I don't know,Very important to have,Very important to have,Extremely important,2000,United States of America,Connecticut,,,18,Fill in the blank:,I do not have any research group,"School,Work,Other",School,Data scientist or machine learning specialist,Most projects,"Javascript,Matlab,Python,R,SQL",No and I wish there were,"Friends,Supervisor","Data Visualization,Database management,Data simulation,Numerical analysis,Science communication,Social good,Web scraping,Professional opportunities",Github,"Stability,User experience (ease of use),Cost,Community",,he/him,No,White or of European descent,1,,,,Mathematics and Statistics,Neither too much nor too little,,coder
2022-10-06 08:15:23,2022-10-06 08:38:27,IP Address,100,1383,True,2022-10-06 08:38:28,R_1n2RCyjoWPi8V1K,anonymous,EN,1,"Yes, I agree to the above terms.",Undergraduate student,,Mechanical Engineering B.S.,11 - 17 years,5 to 9 years,Yes,Never,Some of the software,MacOS,16-20 hours,1-5 hours,1-5 hours,0 hour,0 hour,0 hour,0 hour,0 hour,0 hour,0 hour,0 hour,Slightly too much,As valued as my research ability,"Yes, I wish I had more time to learn programming",,,Extremely likely,,,,,,I have not cited people's code,I don't cite people's data,Very important to have,Very important to have,Very important to have,Very important to have,Very important to have,Very important to have,Very important to have,Very important to have,,,Very important to have,Very important to have,Very important to have,Extremely important,2001,United States of America,Massachusetts,,,12,Fill in the blank:,I do not have any research group,"School,Research,Work,Fun",School,"Engineering manager,Designer,Engineer, site reliability",Most projects,"HTML/CSS,Python,Swift",No and I wish there were,,"Data Visualization,Data simulation,Numerical analysis,Professional opportunities",I do not share my code online,"Stability,Security,User experience (ease of use),Innovation,Support",,he/him,No,White or of European descent,I do not have an advisor yet,,,,,,,coder
2022-10-06 08:06:44,2022-10-06 08:41:43,IP Address,100,2098,True,2022-10-06 08:41:43,R_2EobHd5n20VirMQ,anonymous,EN,1,"Yes, I agree to the above terms.",Graduate student,,"Sustainable Development Policy, Economics and Governance Ph.D.",25 - 34 years,1 to 2 years,Maybe,Sometimes,Always,MacOS,6-10 hours,11-15 hours,1-5 hours,6-10 hours,1-5 hours,6-10 hours,11-15 hours,11-15 hours,6-10 hours,0 hour,6-10 hours,Slightly too much,As valued as my research ability,"Yes, I wish I had more time to learn programming",70,Extremely important,Extremely likely,,,,,,I cite their academic paper,I cite their academic paper,Very important to have,Very important to have,Very important to have,Very important to have,Very important to have,Very important to have,Very important to have,Very important to have,,,Very important to have,Very important to have,Very important to have,Extremely important,1990,,,,,5,Fill in the blank:,I prefer not to say,"School,Research","Other online resources (videos, blogs, etc),School",Data scientist or machine learning specialist,Most projects,"PowerShell,Python,Stata","No and that's fine, I'm learning on my own","Friends,I am on my own","Data Visualization,Database management,Data simulation,Numerical analysis,Science communication,Professional opportunities",Github,"Stability,Security,User experience (ease of use),Compatibility,Customizability,Replicability,Support,Community",,Prefer not to say,Prefer not to say,Prefer not to say,1,,,,Community Development and Applied Economics (CDAE),Slightly too much,,coder
2022-10-06 08:35:12,2022-10-06 08:45:40,IP Address,100,628,True,2022-10-06 08:45:40,R_1C9qweZCpQrX8xe,anonymous,EN,1,"Yes, I agree to the above terms.",Graduate student,,,25 - 34 years,2 to 4 years,No,Never,Most of the software,Windows,1-5 hours,6-10 hours,1-5 hours,,6-10 hours,0 hour,1-5 hours,1-5 hours,1-5 hours,0 hour,0 hour,Neither too much or too little,More valued than my research ability,"Yes but that's fine, I'm learning while doing",40,Very important,Extremely likely,,,,,,I have not cited people's code,"Cite using bibtex, APA, MLA etc.,I cite their academic paper",Very important to have,Very important to have,Somewhat important to have,Somewhat important to have,Very important to have,Very important to have,Somewhat important to have,Very important to have,,,Somewhat important to have,Somewhat important to have,Very important to have,Extremely important,,,,,,9,Fill in the blank:,Fill in the blank:,"School,Research,Work",School,Data scientist or machine learning specialist,Few projects,"Python,R,Stata","No and that's fine, I'm learning on my own",Colleagues,"Data Visualization,Data simulation",I do not share my code online,"Security,User experience (ease of use),Transparency",,he/him,Yes,Black or of African descent,1,,,,Animal and Veterinary Sciences  (ASCI),Slightly too much,,coder
2022-10-06 09:29:17,2022-10-06 09:51:33,IP Address,100,1335,True,2022-10-06 09:51:34,R_1pPvvBl6iVgZx9d,anonymous,EN,0.8999999761581421,"Yes, I agree to the above terms.",Graduate student,,"Complex Systems and Data Science Certificate of Graduate Study, M.S., Ph.D.",11 - 17 years,5 to 9 years,Yes,Never,Most of the software,MacOS,0 hour,1-5 hours,0 hour,0 hour,0 hour,0 hour,0 hour,11-15 hours,0 hour,0 hour,1-5 hours,Slightly too little,More valued than my research ability,"Yes, I wish I had more time to learn programming",40,Moderately important,Extremely likely,,,,,,I have not cited people's code,I cite their academic paper,I do not know what it is,I do not know what it is,I do not know what it is,I do not know what it is,Somewhat important to have,Very important to have,Somewhat important to have,Very important to have,,,Somewhat important to have,Very important to have,Somewhat important to have,Extremely important,1999,United States of America,California,,,11,Fill in the blank:,I do not have any research group,"School,Work","School,Online forums",Educator,Most projects,"Matlab,Python,R",I do not know,Colleagues,"Data Visualization,Database management,Data simulation,Numerical analysis,Web scraping,Professional opportunities",I do not share my code online,"Stability,Compatibility,Customizability,Replicability,Support,Community",,she/her,Yes,"Hispanic, Latino/a/x of Spanish Origin",1,,,,Complex Systems and Data Science,Slightly too much,,coder
2022-10-06 10:04:07,2022-10-06 10:17:07,IP Address,100,779,True,2022-10-06 10:17:07,R_ZlS6h0ZHQoKeObv,anonymous,EN,0.8999999761581421,"Yes, I agree to the above terms.",Graduate student,,"Complex Systems and Data Science Certificate of Graduate Study, M.S., Ph.D.",18 - 24 years,5 to 9 years,Yes,Never,Some of the software,MacOS,1-5 hours,1-5 hours,0 hour,1-5 hours,0 hour,0 hour,1-5 hours,6-10 hours,6-10 hours,1-5 hours,6-10 hours,Slightly too much,More valued than my research ability,"Yes but that's fine, I'm learning while doing",100,Very important,Extremely likely,,,,,,"Cite directly git repository as a link,Cite using BibTeX, APA, MLA etc.,I cite their academic paper","Cite directly git repository as a link,Cite using bibtex, APA, MLA etc.,I cite their academic paper",Very important to have,Very important to have,Very important to have,Very important to have,Very important to have,Very important to have,Very important to have,Very important to have,,,Very important to have,Very important to have,Very important to have,Extremely important,1990,United States of America,Florida,,,17,Fill in the blank:,I do not have any research group,"School,Research,Work,Fun,Social good","Other online resources (videos, blogs, etc),School,Online courses or certification,Professional colleague","Educator,Data scientist or machine learning specialist",On every project,"C++,HTML/CSS,Java,Julia,Matlab,Node.js,Python,R,SQL",Yes,"Friends,Colleagues,Co-supervisor","Data Visualization,Database management,Interactive learning,Data simulation,Numerical analysis,Science communication,Social good,Web scraping,Professional opportunities",Github,"Stability,Security,User experience (ease of use),Compatibility,Transparency,Customizability,Cost,Replicability,Trusted producer,Innovation,Support,Community",,he/him,No,White or of European descent,1,,,,Mathematics and Statistics,Slightly too much,,coder
2022-10-06 10:01:14,2022-10-06 10:17:10,IP Address,100,956,True,2022-10-06 10:17:11,R_0jpRF9lIxXS0D2F,anonymous,EN,0.800000011920929,"Yes, I agree to the above terms.",Graduate student,,"Mathematical Sciences M.S., Ph.D.",18 - 24 years,5 to 9 years,Yes,Sometimes,Most of the software,Linux-based,1-5 hours,0 hour,1-5 hours,0 hour,0 hour,0 hour,0 hour,1-5 hours,1-5 hours,0 hour,0 hour,Neither too much or too little,As valued as my research ability,"Yes, I wish I had more time to learn programming",10,Slightly important,Somewhat likely,,,,,,I don't cite people's code,I cite their academic paper,Not important,Somewhat important to have,Somewhat important to have,Not important,Somewhat important to have,Not important,Very important to have,Very important to have,,,Somewhat important to have,Very important to have,Very important to have,Extremely important,1992,Ghana,,,,6,Fill in the blank:,I do not have any research group,"School,Research","Other online resources (videos, blogs, etc),School,Books / printed  media,Online courses or certification",I never worked in industry as developer,Few projects,"Matlab,Python,R","No and that's fine, I'm learning on my own","Friends,Colleagues","Data Visualization,Interactive learning,Numerical analysis,Professional opportunities",Github,"Stability,Replicability,Support",,Prefer not to say,Yes,Black or of African descent,1,,,,Mathematics & Statistics,Neither too much nor too little,,coder
2022-10-06 10:08:40,2022-10-06 10:22:56,IP Address,100,855,True,2022-10-06 10:22:57,R_2AMAdkdt9RPCfeB,anonymous,EN,0.8999999761581421,"Yes, I agree to the above terms.",Graduate student,,"Mathematical Sciences M.S., Ph.D.",18 - 24 years,2 to 4 years,Yes,Never,Some of the software,MacOS,1-5 hours,0 hour,0 hour,0 hour,0 hour,0 hour,1-5 hours,0 hour,0 hour,0 hour,1-5 hours,Neither too much or too little,More valued than my research ability,"Yes but that's fine, I'm learning while doing",80,Very important,Somewhat likely,,,,,,I have not cited people's code,I have not cited people's data,Very important to have,Very important to have,Very important to have,Very important to have,Very important to have,Very important to have,Very important to have,Not important,,,Very important to have,Very important to have,Very important to have,Extremely important,1993,United States of America,New York,,,5,Fill in the blank:,I do not have any research group,"School,Research","Other online resources (videos, blogs, etc),School","Engineering manager,Educator",Most projects,"Matlab,Python",No and I wish there were,"Friends,Supervisor","Data Visualization,Database management,Interactive learning,Data simulation,Numerical analysis,Science communication,Social good",I do not share my code online,"Stability,Security,User experience (ease of use),Compatibility,Customizability,Cost,Community",,he/him,No,White or of European descent,1,,,,Mathematics and Statistics,Neither too much nor too little,,coder
2022-10-06 10:23:37,2022-10-06 10:40:38,IP Address,100,1020,True,2022-10-06 10:40:39,R_1gokfXyXsElEAwS,anonymous,EN,1,"Yes, I agree to the above terms.",Graduate student,,"Computer Science M.S., Ph.D.",18 - 24 years,10 to 14 years,Yes,Sometimes,Some of the software,Linux-based,6-10 hours,0 hour,0 hour,0 hour,0 hour,16-20 hours,11-15 hours,1-5 hours,1-5 hours,0 hour,1-5 hours,Far too much,As valued as my research ability,"Yes but that's fine, I'm learning while doing",10,Extremely important,Extremely likely,,,,,,"Cite using BibTeX, APA, MLA etc.,I cite their academic paper","Cite using bibtex, APA, MLA etc.,I cite their academic paper",Very important to have,Very important to have,Very important to have,Very important to have,Very important to have,Very important to have,Very important to have,Very important to have,,,Very important to have,Very important to have,Very important to have,Extremely important,1996,Bangladesh,,,,8,Fill in the blank:,Fill in the blank:,"School,Research,Work","Other online resources (videos, blogs, etc),School,Books / printed  media,Online courses or certification,Online forums,Friend or family member,Professional colleague","Developer, back-end",On every project,"Assembly,C,C++,HTML/CSS,Java,Javascript,Node.js,Python,SQL","No and that's fine, I'm learning on my own",I am on my own,"Data Visualization,Database management,Interactive learning,Data simulation,Numerical analysis,Science communication,Social good,Web scraping,Professional opportunities,Other","Github,Gitlab","Stability,Security,User experience (ease of use),Compatibility,Transparency,Customizability,Cost,Replicability,Trusted producer,Innovation,Support,Community",,she/her,Women in STEM,Southeast Asian,1,,,,Computer Science,Far too much,,coder
2022-10-06 08:17:03,2022-10-06 10:44:51,IP Address,100,8868,True,2022-10-06 10:44:51,R_3gTovzjWIyJY8YG,anonymous,EN,0.8999999761581421,"Yes, I agree to the above terms.",Graduate student,,"Complex Systems and Data Science Certificate of Graduate Study, M.S., Ph.D.",18 - 24 years,1 to 2 years,No,Never,Most of the software,MacOS,1-5 hours,6-10 hours,0 hour,0 hour,1-5 hours,0 hour,1-5 hours,1-5 hours,1-5 hours,0 hour,1-5 hours,Neither too much or too little,More valued than my research ability,"Yes but that's fine, I'm learning while doing",50,Moderately important,Extremely likely,,,,,,I have not cited people's code,I have not cited people's data,Very important to have,Somewhat important to have,Somewhat important to have,Somewhat important to have,Very important to have,Somewhat important to have,Somewhat important to have,Very important to have,,,Very important to have,Very important to have,Somewhat important to have,Extremely important,1998,United States of America,Maine,,,8,Fill in the blank:,I do not have any research group,"School,Research,Work","Other online resources (videos, blogs, etc),School,Online courses or certification,Online forums",Data Management,On every project,"C++,Java,Matlab,Python,R",I do not know,"Friends,Colleagues","Data Visualization,Database management,Data simulation,Numerical analysis,Science communication,Social good,Web scraping,Professional opportunities",,"Stability,User experience (ease of use),Compatibility,Customizability,Cost,Replicability,Trusted producer,Community",,she/her,,White or of European descent,1,,,,Complex Systems and Data Science,Neither too much nor too little,,coder
2022-10-06 10:55:56,2022-10-06 11:05:11,IP Address,100,554,True,2022-10-06 11:05:11,R_73sX2m58ufxHQqd,anonymous,EN,1,"Yes, I agree to the above terms.",Graduate student,,"Complex Systems and Data Science Certificate of Graduate Study, M.S., Ph.D.",18 - 24 years,5 to 9 years,Maybe,Sometimes,Some of the software,Windows,0 hour,0 hour,1-5 hours,1-5 hours,0 hour,0 hour,1-5 hours,11-15 hours,6-10 hours,0 hour,0 hour,Far too much,Prefer not to say,"Yes, I wish I had more time to learn programming",,,Extremely likely,,,,,,I don't cite people's code,I have not cited people's data,Somewhat important to have,Somewhat important to have,Somewhat important to have,I do not know what it is,Somewhat important to have,Somewhat important to have,Somewhat important to have,Somewhat important to have,,,Somewhat important to have,Somewhat important to have,Somewhat important to have,Very important,1979,United States of America,Illinois,,,10,Fill in the blank:,I do not have any research group,"School,Work,Fun","School,Books / printed  media,Online courses or certification",analyst,Few projects,"Python,SQL",No and I wish there were,,"Data Visualization,Interactive learning,Data simulation,Numerical analysis,Science communication,Professional opportunities",I do not share my code online,"Stability,User experience (ease of use),Customizability,Support",,she/her,No,White or of European descent,I do not have an advisor yet,,,,,,,coder
2022-10-06 12:40:42,2022-10-06 12:56:24,IP Address,100,941,True,2022-10-06 12:56:25,R_3qZJ6MfST7XQ07h,anonymous,EN,0.8999999761581421,"Yes, I agree to the above terms.",Graduate student,,"Complex Systems and Data Science Certificate of Graduate Study, M.S., Ph.D.",18 - 24 years,5 to 9 years,Yes,Never,Some of the software,MacOS,1-5 hours,6-10 hours,0 hour,1-5 hours,1-5 hours,0 hour,1-5 hours,1-5 hours,1-5 hours,1-5 hours,6-10 hours,Slightly too much,As valued as my research ability,"Yes but that's fine, I'm learning while doing",70,Very important,Extremely likely,,,,,,Cite directly git repository as a link,Cite directly git repository as a link,Somewhat important to have,Not important,Somewhat important to have,Not important,Very important to have,Very important to have,Not important,Very important to have,,,Very important to have,Very important to have,Very important to have,Extremely important,2000,United States of America,Colorado,,,6,Fill in the blank:,I do not have any research group,"School,Work",School,I never worked in industry as developer,Most projects,"C++,Javascript,Python,R,SQL",Yes,Friends,"Data Visualization,Interactive learning,Data simulation,Numerical analysis,Science communication,Social good,Professional opportunities",Github,"Stability,User experience (ease of use),Replicability",,she/her,Yes,White or of European descent,1,,,,Complex Systems and Data Science,Slightly too much,,coder
2022-10-06 12:51:22,2022-10-06 13:06:10,IP Address,100,887,True,2022-10-06 13:06:11,R_3oWR5OzXD9BXPFn,anonymous,EN,1,"Yes, I agree to the above terms.",Graduate student,,"Complex Systems and Data Science Certificate of Graduate Study, M.S., Ph.D.",18 - 24 years,2 to 4 years,Yes,Never,Most of the software,MacOS,1-5 hours,1-5 hours,0 hour,1-5 hours,0 hour,0 hour,0 hour,1-5 hours,1-5 hours,0 hour,0 hour,Neither too much or too little,As valued as my research ability,"Yes but that's fine, I'm learning while doing",90,Moderately important,Extremely likely,,,,,,I have not cited people's code,"Cite directly git repository as a link,Cite using bibtex, APA, MLA etc.",Not important,Not important,Not important,Not important,Somewhat important to have,Somewhat important to have,Somewhat important to have,Very important to have,,,Very important to have,Very important to have,Somewhat important to have,Extremely important,2000,United States of America,Massachusetts,,,12,Fill in the blank:,I do not have any research group,"School,Research,Work,Fun","School,Books / printed  media",I never worked in industry as developer,On every project,"C++,HTML/CSS,Javascript,Python,R,SQL","No and that's fine, I'm learning on my own","Friends,Colleagues,Supervisor","Data Visualization,Database management,Interactive learning,Data simulation,Numerical analysis,Web scraping","Github,Personal websites","User experience (ease of use),Transparency,Customizability,Cost,Replicability",,she/her,Yes,White or of European descent,2,,,Complex Systems and Data Science,Complex Systems and Data Science,Neither too much nor too little,Neither too much nor too little,coder
2022-10-06 14:12:20,2022-10-06 14:18:47,IP Address,100,387,True,2022-10-06 14:18:47,R_2c64e8iUaPOH62L,anonymous,EN,1,"Yes, I agree to the above terms.",Undergraduate student,,,5 - 10 years,5 to 9 years,Yes,Never,Most of the software,MacOS,1-5 hours,0 hour,0 hour,0 hour,0 hour,0 hour,0 hour,1-5 hours,1-5 hours,0 hour,0 hour,Neither too much or too little,More valued than my research ability,"Yes but that's fine, I'm learning while doing",,,Extremely likely,,,,,,I have not cited people's code,I have not cited people's data,Not important,Not important,Not important,Not important,Very important to have,Somewhat important to have,Very important to have,Somewhat important to have,,,Very important to have,Very important to have,Not important,Extremely important,2000,United States of America,Massachusetts,,,10,Fill in the blank:,I do not have any research group,"School,Work,Fun",Friend or family member,"Developer, desktop or enterprise applications,Developer, back-end,Developer, full-stack,Developer, front-end",On every project,"HTML/CSS,Javascript,Node.js,Python,R,Ruby,SQL,TypeScript","No and that's fine, I'm learning on my own",,"Data Visualization,Interactive learning,Data simulation,Numerical analysis,Social good,Web scraping","Github,Gitlab","Stability,User experience (ease of use),Cost,Replicability,Innovation",,he/him,No,White or of European descent,I do not have an advisor yet,,,,,,,coder
2022-10-08 10:07:05,2022-10-08 10:26:04,IP Address,100,1138,True,2022-10-08 10:26:04,R_WCcpDWT3a5yC2tz,anonymous,EN,0.8999999761581421,"Yes, I agree to the above terms.",Graduate student,,"Complex Systems and Data Science Certificate of Graduate Study, M.S., Ph.D.",18 - 24 years,Less than 1 year,No,Never,Most of the software,Windows,0 hour,0 hour,0 hour,0 hour,0 hour,0 hour,0 hour,0 hour,1-5 hours,0 hour,0 hour,Far too much,As valued as my research ability,"Yes, I wish I had more time to learn programming",90,Extremely important,Extremely likely,,,,,,I have not cited people's code,I have not cited people's data,Somewhat important to have,I do not know what it is,Somewhat important to have,I do not know what it is,Somewhat important to have,Somewhat important to have,Somewhat important to have,Very important to have,,,Very important to have,Very important to have,Very important to have,Extremely important,2000,United States of America,California,,"Under the section that says ""course-work aside,..."" there should be an option that says something like ""I only code for course work"" or ""with the amount of time I spend coding for course work, I dont want to do any of these things outside of that time""",15,Fill in the blank:,I do not have any research group,"School,Research",School,I never worked in industry as developer,On every project,"Matlab,Python",No and I wish there were,"Friends,Colleagues","Data Visualization,Interactive learning,Data simulation,Numerical analysis,Science communication,Social good",I do not share my code online,"Stability,User experience (ease of use),Support,Community",,he/him,Yes,"Hispanic or Latino/a/x,Indigenous (such as Native American, Pacific Islander, or Indigenous Australian)",2,,,Complex Systems and Data Science,Complex Systems and Data Science,Far too much,Far too much,coder
2022-10-08 14:15:25,2022-10-08 14:32:20,IP Address,100,1015,True,2022-10-08 14:32:21,R_1gMb3cQHTaJRHvr,anonymous,EN,0.8999999761581421,"Yes, I agree to the above terms.",Graduate student,,Community Resilience and Planning Certificate of Graduate Study,18 - 24 years,Prefer not to say,Maybe,Regularly,Some of the software,MacOS,1-5 hours,1-5 hours,1-5 hours,6-10 hours,0 hour,0 hour,11-15 hours,6-10 hours,6-10 hours,0 hour,11-15 hours,Slightly too much,As valued as my research ability,"Yes, I wish I had more time to learn programming",100,Slightly important,Extremely likely,,,,,,"Cite using BibTeX, APA, MLA etc.","Cite using bibtex, APA, MLA etc.",Not important,Not important,I do not know what it is,Not important,Somewhat important to have,Somewhat important to have,Somewhat important to have,Very important to have,,,I don't know,I don't know,I don't know,Extremely important,1962,United States of America,Indiana,,You should add a question in which the user can specify what under-represented group they think they belong to.,5,Fill in the blank:,Fill in the blank:,"School,Research",School,"Database administrator,Designer,Other",Most projects,"HTML/CSS,Javascript,Matlab,Python,Other",No and I wish there were,"Friends,Colleagues,Co-supervisor,Supervisor,Other","Data Visualization,Database management,Interactive learning,Data simulation,Science communication,Social good",I do not share my code online,"Stability,User experience (ease of use),Compatibility,Trusted producer,Support",,she/her,Yes,White or of European descent,2,,,Computer Science,Mathematics and Statistics,Slightly too little,Slightly too little,coder
2022-10-11 09:35:04,2022-10-11 09:48:18,IP Address,100,793,True,2022-10-11 09:48:19,R_CkLfbsH44mGCZ3z,anonymous,EN,0.8999999761581421,"Yes, I agree to the above terms.",Graduate student,,Biomedical Engineering Ph.D.,18 - 24 years,10 to 14 years,Maybe,Never,Some of the software,Windows,1-5 hours,1-5 hours,0 hour,1-5 hours,0 hour,0 hour,1-5 hours,1-5 hours,0 hour,0 hour,1-5 hours,Slightly too much,As valued as my research ability,"Yes but that's fine, I'm learning while doing",100,Not at all important,Extremely likely,,,,,,I have not cited people's code,"I cite their academic paper,I have not cited people's data",Somewhat important to have,Not important,Very important to have,Not important,Somewhat important to have,Somewhat important to have,Somewhat important to have,Somewhat important to have,,,Somewhat important to have,Somewhat important to have,Somewhat important to have,Extremely important,1990,United States of America,Ohio,,"It might have been better to have some of the questions as a scale of 1-10... For example, I took a programming course as an undergrad, but I do not think I truly ""learned"" programming until I entered the workforce. I consider my programming skills to be self-taught.",12,Fill in the blank:,I prefer not to say,"School,Research,Work,Fun","School,Online forums",I never worked in industry as developer,Most projects,"PowerShell,Python,Other",I do not know,"Colleagues,Supervisor,Other","Data Visualization,Database management,Interactive learning,Data simulation,Numerical analysis,Science communication,Social good,Professional opportunities","Github,I do not share my code online","Stability,Security,User experience (ease of use),Compatibility,Transparency,Replicability,Support,Community",,she/her,No,White or of European descent,1,,,,Electrical & Biomedical Engineering,Slightly too much,,coder
2022-10-07 06:47:07,2022-10-07 06:49:00,IP Address,15,112,False,2022-10-14 06:49:01,R_bJEi7XQLGWe6GPf,anonymous,EN,1,"Yes, I agree to the above terms.",Graduate student,,"Complex Systems and Data Science Certificate of Graduate Study, M.S., Ph.D.",,,,,,,,,,,,,,,,,,,,,,,,,,,,,,,,,,,,,,,,,,,,,,,,,,3,Fill in the blank:,I do not have any research group,School,,,,,,,,,,,,,,I do not have an advisor yet,,,,,,,coder
